<?xml version='1.0' encoding='utf-8'?>
<!DOCTYPE hibernate-configuration PUBLIC
    "-//Hibernate/Hibernate Configuration DTD//EN"
    "http://www.hibernate.org/dtd/hibernate-configuration-3.0.dtd">
<hibernate-configuration>
	<session-factory>
		<!-- Hibernate DB Dialect -->
		<property name="hibernate.dialect">org.hibernate.dialect.MySQL5Dialect</property>
		<!-- Veritabanı Driver -->	
		<property name="hibernate.connection.driver_class">com.mysql.jdbc.Driver</property>
		<!-- DB Host Url -->
		<property name="hibernate.connection.url">jdbc:mysql://localhost:3306/oteldb?useSSL=false&amp;serverTimezone=UTC</property>
		<!-- DB Username -->
		<property name="hibernate.connection.username">root</property>
		<!-- DB Password -->
		<property name="hibernate.connection.password">1234</property>
		<!-- Bağlantı Havuzu -->
<!-- 		<property name="hibernate.connection.pool_size">1</property> -->
		<!-- Hibernate her sessionda Thread Kullanır -->
<!-- 		<property name="hibernate.current_session_context_class">thread</property> -->
		<!-- HQL Sorgusunu gösterir  -->
		<property name="hibernate.show_sql">true</property>
		<!-- SQL Formatı şeklinde HQL Sorugularını Konsolda Gösterir  -->
		<property name="hibernate.format_sql">true</property>
		<!-- create, update, validate -->
		<property name="hibernate.hbm2ddl.auto">update</property>
		
		<!-- Oluşturulan her bir entity e ait hbm dosyası buraya eklenir. -->
		
	    <mapping class="com.ays.entity.Oda"></mapping>
	    <mapping class="com.ays.entity.Rezarvasyon"></mapping>
	    <mapping class="com.ays.entity.EtkinlikRezervasyon"></mapping>
	    <mapping class="com.ays.entity.Bolum"></mapping>
	    <mapping class="com.ays.entity.Personel"></mapping>
	    <mapping class="com.ays.entity.Yonetici"></mapping>
	    <mapping class="com.ays.entity.Musteri"></mapping>
	  
	
		
	</session-factory>
</hibernate-configuration>