<?xml version="1.0" encoding="UTF-8"?>
<faces-config xmlns="http://xmlns.jcp.org/xml/ns/javaee"
	xmlns:xsi="http://www.w3.org/2001/XMLSchema-instance"
	xsi:schemaLocation="http://xmlns.jcp.org/xml/ns/javaee http://xmlns.jcp.org/xml/ns/javaee/web-facesconfig_2_3.xsd"
	version="2.3">
<application>
    
    
    
    <resource-bundle>
                <base-name>messages</base-name>
                <var>msg</var>
           </resource-bundle>
</application>


<navigation-rule>
<from-view-id>error.jsp</from-view-id>
<navigation-case>
<from-action>#{musteri.musteriLogin}</from-action>
<from-outcome>MusteriPage</from-outcome>
<to-view-id>error.jsp</to-view-id>
</navigation-case>
</navigation-rule>



</faces-config>
